modality	projection	aggregation	setting	fold	mr	mrr	hits@1	hits@3	hits@10	hits@100	auc
expr	owl2vecstar	bma	calibrated	0	1387.426984126984	0.03981323616322194	0.015873015873015872	0.0380952380952381	0.0761904761904762	0.2857142857142857	0.685447991426623
expr	owl2vecstar	bma	calibrated	1	1457.8689801699716	0.040594539767469205	0.012747875354107648	0.032577903682719546	0.09915014164305949	0.2804532577903683	0.669346529310357
expr	owl2vecstar	bma	calibrated	2	1501.0268404907974	0.0413535059977901	0.013803680981595092	0.04294478527607362	0.09202453987730061	0.2714723926380368	0.6596037756768478
expr	owl2vecstar	bma	calibrated	3	1488.6332807570977	0.037952626805118725	0.012618296529968454	0.03627760252365931	0.07570977917981073	0.26813880126182965	0.662420230293234
expr	owl2vecstar	bma	calibrated	4	1410.8771251931994	0.03645375153055376	0.012364760432766615	0.03400309119010819	0.07264296754250386	0.2828438948995363	0.6800997697593909
expr	owl2vecstar	bma	calibrated	5	1492.5299270072992	0.031156347068951783	0.008759124087591242	0.029197080291970802	0.06861313868613139	0.24233576642335766	0.661494566615173
expr	owl2vecstar	bma	calibrated	6	1462.4886191198786	0.03926239422043575	0.009104704097116844	0.0409711684370258	0.09711684370257967	0.2867981790591806	0.668338541557072
expr	owl2vecstar	bma	calibrated	7	1538.5635658914728	0.029467644391649735	0.004651162790697674	0.023255813953488372	0.08062015503875969	0.2527131782945736	0.6510615520440693
expr	owl2vecstar	bma	calibrated	8	1415.062310030395	0.029336590413518035	0.0060790273556231	0.025835866261398176	0.06534954407294832	0.2674772036474164	0.6791150378885502
expr	owl2vecstar	bma	calibrated	9	1395.2740458015267	0.034149640681669764	0.007633587786259542	0.02900763358778626	0.08549618320610687	0.25190839694656486	0.6836259628749768
expr	owl2vecstar	bma	raw	0	2410.1079365079363	0.0412104734818733	0.022222222222222223	0.04126984126984127	0.0746031746031746	0.18412698412698414	0.4529651399849172
expr	owl2vecstar	bma	raw	1	2392.1565155807366	0.046426500342453624	0.021246458923512748	0.046742209631728045	0.09773371104815864	0.254957507082153	0.45696106892694516
expr	owl2vecstar	bma	raw	2	2509.8151840490796	0.04696382225409017	0.019938650306748466	0.049079754601226995	0.11042944785276074	0.21779141104294478	0.4302911669830148
expr	owl2vecstar	bma	raw	3	2501.544164037855	0.04244375556370525	0.01892744479495268	0.0473186119873817	0.07886435331230283	0.222397476340694	0.43218786102089446
expr	owl2vecstar	bma	raw	4	2392.5309119010817	0.05107658126814103	0.02472952086553323	0.0571870170015456	0.10046367851622875	0.2241112828438949	0.45694952098499275
expr	owl2vecstar	bma	raw	5	2506.6722627737227	0.0450866314142659	0.02335766423357664	0.049635036496350364	0.08029197080291971	0.19854014598540146	0.43095602351562984
expr	owl2vecstar	bma	raw	6	2383.3368740515934	0.04601382831647202	0.019726858877086494	0.04400606980273141	0.10015174506828528	0.2291350531107739	0.4590194315786351
expr	owl2vecstar	bma	raw	7	2511.6581395348835	0.039371170325331994	0.018604651162790697	0.040310077519379844	0.07286821705426356	0.18604651162790697	0.42987386139556033
expr	owl2vecstar	bma	raw	8	2402.281155015198	0.04252921175912379	0.019756838905775075	0.0425531914893617	0.08814589665653495	0.21580547112462006	0.45470941516827196
expr	owl2vecstar	bma	raw	9	2468.045038167939	0.046024315188672275	0.025954198473282442	0.04732824427480916	0.08244274809160305	0.2	0.43975860231940295
expr	owl2vecstar	bmm	calibrated	0	1337.4984126984127	0.029302211339108614	0.007936507936507936	0.025396825396825397	0.06666666666666667	0.24603174603174602	0.6967895842128623
expr	owl2vecstar	bmm	calibrated	1	1397.0531161473089	0.027814188075236657	0.007082152974504249	0.024079320113314446	0.0679886685552408	0.26345609065155806	0.6831652603250674
expr	owl2vecstar	bmm	calibrated	2	1441.263036809816	0.028150972695260647	0.009202453987730062	0.02607361963190184	0.06288343558282208	0.23159509202453987	0.6731886743640845
expr	owl2vecstar	bmm	calibrated	3	1444.4881703470032	0.02534289754976428	0.00946372239747634	0.022082018927444796	0.04574132492113565	0.2302839116719243	0.6724562974234896
expr	owl2vecstar	bmm	calibrated	4	1362.098145285935	0.025835165196268328	0.00927357032457496	0.021638330757341576	0.04945904173106646	0.24574961360123648	0.6911763000794406
expr	owl2vecstar	bmm	calibrated	5	1466.5620437956204	0.020684508448161505	0.00145985401459854	0.017518248175182483	0.052554744525547446	0.21605839416058395	0.667429724406509
expr	owl2vecstar	bmm	calibrated	6	1429.0698027314113	0.025612502876445464	0.004552352048558422	0.024279210925644917	0.057663125948406675	0.2473444613050076	0.675949510528155
expr	owl2vecstar	bmm	calibrated	7	1431.8922480620156	0.02234157264388855	0.004651162790697674	0.020155038759689922	0.05581395348837209	0.21395348837209302	0.6753282546597095
expr	owl2vecstar	bmm	calibrated	8	1365.626139817629	0.021542027564940933	0.007598784194528876	0.013677811550151976	0.034954407294832825	0.22796352583586627	0.6903507532452456
expr	owl2vecstar	bmm	calibrated	9	1404.4496183206106	0.021810032203760647	0.0030534351145038168	0.016793893129770993	0.0549618320610687	0.2152671755725191	0.6815627771058308
expr	owl2vecstar	bmm	raw	0	2398.296825396825	0.034123326874386864	0.01746031746031746	0.031746031746031744	0.05873015873015873	0.1873015873015873	0.45567345753183447
expr	owl2vecstar	bmm	raw	1	2384.492209631728	0.03479499995039584	0.0113314447592068	0.0339943342776204	0.07507082152974505	0.24504249291784702	0.45871776163395367
expr	owl2vecstar	bmm	raw	2	2503.8090490797545	0.034995700072968754	0.010736196319018405	0.03374233128834356	0.08282208588957055	0.20552147239263804	0.43167681723537277
expr	owl2vecstar	bmm	raw	3	2494.8698738170347	0.033252160024026034	0.011041009463722398	0.03470031545741325	0.07413249211356467	0.21293375394321767	0.43370966157350066
expr	owl2vecstar	bmm	raw	4	2380.7797527047915	0.0400951455354618	0.017001545595054096	0.03554868624420402	0.09582689335394126	0.22256568778979907	0.45962673124037956
expr	owl2vecstar	bmm	raw	5	2498.341605839416	0.03465276371541273	0.017518248175182483	0.033576642335766425	0.06861313868613139	0.20583941605839415	0.4328531866067769
expr	owl2vecstar	bmm	raw	6	2378.92564491654	0.04040674475084924	0.015174506828528073	0.04704097116843703	0.09104704097116843	0.22306525037936267	0.460028075769738
expr	owl2vecstar	bmm	raw	7	2511.258139534884	0.032629117151232345	0.017054263565891473	0.02945736434108527	0.06046511627906977	0.1875968992248062	0.4299542179247926
expr	owl2vecstar	bmm	raw	8	2393.8784194528876	0.03291942389458506	0.013677811550151976	0.031914893617021274	0.07446808510638298	0.2127659574468085	0.4566192164425321
expr	owl2vecstar	bmm	raw	9	2466.016030534351	0.032527857060798734	0.013740458015267175	0.024427480916030534	0.07633587786259542	0.2	0.44023754531303955
expr	owl2vecstar_gda	bma	calibrated	0	1374.4333333333334	0.032776303376527836	0.006349206349206349	0.031746031746031744	0.08253968253968254	0.25555555555555554	0.6883936464636624
expr	owl2vecstar_gda	bma	calibrated	1	1416.8321529745042	0.028486544371850546	0.00424929178470255	0.018413597733711047	0.08498583569405099	0.2705382436260623	0.6786874366888689
expr	owl2vecstar_gda	bma	calibrated	2	1505.183282208589	0.026218684383679296	0.0	0.019938650306748466	0.08895705521472393	0.2561349693251534	0.6586624016612811
expr	owl2vecstar_gda	bma	calibrated	3	1498.2184542586751	0.023360393026233467	0.0	0.02365930599369085	0.07255520504731862	0.2586750788643533	0.6602622620713197
expr	owl2vecstar_gda	bma	calibrated	4	1405.6097372488407	0.023001589527265217	0.0	0.02009273570324575	0.06027820710973725	0.26120556414219476	0.6812915538974891
expr	owl2vecstar_gda	bma	calibrated	5	1489.880291970803	0.021620328884152114	0.0	0.021897810218978103	0.06423357664233577	0.22043795620437956	0.6621131544495018
expr	owl2vecstar_gda	bma	calibrated	6	1480.8406676783004	0.02110109996676975	0.0015174506828528073	0.006069802731411229	0.06828528072837632	0.2746585735963581	0.6641766769313346
expr	owl2vecstar_gda	bma	calibrated	7	1492.1837209302325	0.022167419946665375	0.0	0.018604651162790697	0.07131782945736434	0.2310077519379845	0.6616183910719666
expr	owl2vecstar_gda	bma	calibrated	8	1380.1003039513678	0.021981233127519973	0.0	0.0182370820668693	0.05623100303951368	0.2553191489361702	0.6870682823051107
expr	owl2vecstar_gda	bma	calibrated	9	1417.0679389312977	0.020787756398143696	0.0	0.015267175572519083	0.061068702290076333	0.233587786259542	0.6786863426628883
expr	owl2vecstar_gda	bma	raw	0	2407.266666666667	0.0489170562003661	0.03015873015873016	0.050793650793650794	0.08095238095238096	0.19365079365079366	0.4536386335999884
expr	owl2vecstar_gda	bma	raw	1	2386.4114730878186	0.05525964834856394	0.026912181303116147	0.05240793201133145	0.11898016997167139	0.26487252124645894	0.4582769583867567
expr	owl2vecstar_gda	bma	raw	2	2492.990030674847	0.057632653293435615	0.029141104294478526	0.05828220858895705	0.12116564417177914	0.23773006134969324	0.4341136684717804
expr	owl2vecstar_gda	bma	raw	3	2502.5859621451104	0.05160227966586029	0.026813880126182965	0.056782334384858045	0.09305993690851735	0.22555205047318613	0.43194359486634115
expr	owl2vecstar_gda	bma	raw	4	2377.81684698609	0.06448348681803044	0.0401854714064915	0.0633693972179289	0.11591962905718702	0.2302936630602782	0.4602821773811879
expr	owl2vecstar_gda	bma	raw	5	2502.7503649635037	0.0571695097591598	0.03941605839416058	0.061313868613138686	0.08905109489051095	0.22189781021897811	0.43184947474791047
expr	owl2vecstar_gda	bma	raw	6	2387.8490136570563	0.05518138846205542	0.027314112291350532	0.057663125948406675	0.11836115326251896	0.23975720789074356	0.458005354369061
expr	owl2vecstar_gda	bma	raw	7	2502.908527131783	0.04659684167015528	0.024806201550387597	0.04806201550387597	0.09457364341085271	0.20310077519379846	0.43185369825065945
expr	owl2vecstar_gda	bma	raw	8	2389.5965045592707	0.0539950101244326	0.028875379939209727	0.0547112462006079	0.10182370820668693	0.23556231003039513	0.4576074556872901
expr	owl2vecstar_gda	bma	raw	9	2458.406870229008	0.052215738603693114	0.030534351145038167	0.0549618320610687	0.0916030534351145	0.20305343511450383	0.44194664297402775
expr	owl2vecstar_gda	bmm	calibrated	0	1387.1968253968255	0.03031013608836135	0.011111111111111112	0.03015873015873016	0.06031746031746032	0.21428571428571427	0.6854800152992924
expr	owl2vecstar_gda	bmm	calibrated	1	1406.5070821529746	0.029580286710146182	0.012747875354107648	0.024079320113314446	0.06232294617563739	0.23229461756373937	0.6810324842048185
expr	owl2vecstar_gda	bmm	calibrated	2	1441.4455521472394	0.02723142324599416	0.010736196319018405	0.024539877300613498	0.0598159509202454	0.2147239263803681	0.673126526246205
expr	owl2vecstar_gda	bmm	calibrated	3	1487.333596214511	0.021564743568674022	0.006309148264984227	0.017350157728706624	0.04416403785488959	0.20504731861198738	0.6627319049425486
expr	owl2vecstar_gda	bmm	calibrated	4	1382.099690880989	0.026491979992200407	0.012364760432766615	0.02472952086553323	0.04636785162287481	0.2302936630602782	0.6866304271063431
expr	owl2vecstar_gda	bmm	calibrated	5	1472.8145985401459	0.02103535208063716	0.00291970802919708	0.017518248175182483	0.052554744525547446	0.18686131386861313	0.6659763416702204
expr	owl2vecstar_gda	bmm	calibrated	6	1463.599393019727	0.019904083695971173	0.0015174506828528073	0.018209408194233688	0.04552352048558422	0.22154779969650987	0.668089743806445
expr	owl2vecstar_gda	bmm	calibrated	7	1441.6488372093024	0.02440597601290009	0.006201550387596899	0.02635658914728682	0.05426356589147287	0.2	0.6730937792415824
expr	owl2vecstar_gda	bmm	calibrated	8	1343.7705167173253	0.022785718376076222	0.00911854103343465	0.013677811550151976	0.04559270516717325	0.22188449848024316	0.6953407482081795
expr	owl2vecstar_gda	bmm	calibrated	9	1433.4511450381679	0.01861300153924227	0.0015267175572519084	0.015267175572519083	0.04732824427480916	0.19083969465648856	0.6749397416831375
expr	owl2vecstar_gda	bmm	raw	0	2412.304761904762	0.03578371992331803	0.01904761904761905	0.03650793650793651	0.06031746031746032	0.20476190476190476	0.45247918899316947
expr	owl2vecstar_gda	bmm	raw	1	2389.050283286119	0.036945984965012224	0.012747875354107648	0.03824362606232295	0.08073654390934844	0.24787535410764872	0.45770365657402173
expr	owl2vecstar_gda	bmm	raw	2	2498.598926380368	0.03488260192294184	0.012269938650306749	0.032208588957055216	0.08128834355828221	0.21932515337423314	0.432826252341232
expr	owl2vecstar_gda	bmm	raw	3	2518.8020504731862	0.03945649359139951	0.02050473186119874	0.03470031545741325	0.08201892744479496	0.20662460567823343	0.4282598819777652
expr	owl2vecstar_gda	bmm	raw	4	2389.8910355486864	0.0455520292442741	0.021638330757341576	0.04482225656877898	0.09428129829984544	0.2302936630602782	0.4575498927851033
expr	owl2vecstar_gda	bmm	raw	5	2502.6671532846717	0.04000868026695816	0.021897810218978103	0.042335766423357665	0.07153284671532846	0.21021897810218979	0.4318671463156025
expr	owl2vecstar_gda	bmm	raw	6	2394.9817905918057	0.04270367280909015	0.018209408194233688	0.042488619119878605	0.08801213960546282	0.21547799696509864	0.4563751038741388
expr	owl2vecstar_gda	bmm	raw	7	2510.4581395348837	0.031246377013704824	0.012403100775193798	0.03255813953488372	0.06976744186046512	0.19069767441860466	0.4301358131076302
expr	owl2vecstar_gda	bmm	raw	8	2393.3465045592707	0.03769543387993522	0.0182370820668693	0.0364741641337386	0.08054711246200608	0.22948328267477203	0.4567335695940843
expr	owl2vecstar_gda	bmm	raw	9	2469.506106870229	0.03400048125450709	0.013740458015267175	0.03206106870229008	0.07786259541984733	0.19236641221374046	0.4394513673301878
func	owl2vecstar	bma	calibrated	0	804.3047619047619	0.0926607367813068	0.047619047619047616	0.1	0.16825396825396827	0.4507936507936508	0.8180307934342944
func	owl2vecstar	bma	calibrated	1	851.5977337110481	0.07196911746667191	0.025495750708215296	0.07365439093484419	0.15864022662889518	0.4192634560906516	0.8071844811497847
func	owl2vecstar	bma	calibrated	2	923.9279141104295	0.0753144938605553	0.029141104294478526	0.0843558282208589	0.16104294478527606	0.4263803680981595	0.7907963605783245
func	owl2vecstar	bma	calibrated	3	830.1293375394322	0.0797637159758976	0.03785488958990536	0.08201892744479496	0.15457413249211358	0.4274447949526814	0.8121457916661586
func	owl2vecstar	bma	calibrated	4	867.661514683153	0.07579598039606185	0.03245749613601236	0.07882534775888717	0.160741885625966	0.4281298299845441	0.8035896172833997
func	owl2vecstar	bma	calibrated	5	886.9649635036496	0.07166917390451191	0.029197080291970802	0.07737226277372262	0.14744525547445256	0.3970802919708029	0.7991648732376136
func	owl2vecstar	bma	calibrated	6	899.0424886191199	0.07757897801081864	0.03186646433990895	0.0819423368740516	0.16843702579666162	0.4400606980273141	0.7964596381920157
func	owl2vecstar	bma	calibrated	7	896.7674418604652	0.07497096987037867	0.03565891472868217	0.06511627906976744	0.15968992248062017	0.3937984496124031	0.796966012360103
func	owl2vecstar	bma	calibrated	8	791.3237082066869	0.07629004737720019	0.03343465045592705	0.08358662613981763	0.1519756838905775	0.44072948328267475	0.8209297014864528
func	owl2vecstar	bma	calibrated	9	824.4717557251909	0.08340813765299945	0.042748091603053436	0.08549618320610687	0.15877862595419848	0.4198473282442748	0.8134050243896515
func	owl2vecstar	bma	raw	0	2172.525396825397	0.04391127220805418	0.025396825396825397	0.04285714285714286	0.07777777777777778	0.19523809523809524	0.506983730068522
func	owl2vecstar	bma	raw	1	2181.485835694051	0.04621988693999685	0.0169971671388102	0.046742209631728045	0.10623229461756374	0.2719546742209632	0.5048639692126784
func	owl2vecstar	bma	raw	2	2307.2254601226996	0.04896263617402565	0.019938650306748466	0.05214723926380368	0.11349693251533742	0.21932515337423314	0.47633037067822165
func	owl2vecstar	bma	raw	3	2270.11356466877	0.04400201536440714	0.02050473186119874	0.0473186119873817	0.083596214511041	0.21451104100946372	0.4847983087638932
func	owl2vecstar	bma	raw	4	2200.6027820710974	0.05002272291393341	0.023183925811437404	0.05255023183925812	0.10046367851622875	0.23647604327666152	0.5006232974826019
func	owl2vecstar	bma	raw	5	2299.1379562043794	0.04424490306203093	0.020437956204379562	0.051094890510948905	0.08175182481751825	0.2072992700729927	0.47814134931130664
func	owl2vecstar	bma	raw	6	2188.142640364188	0.05151172019061201	0.025796661608497723	0.054628224582701064	0.1047040971168437	0.24127465857359637	0.5033927906776993
func	owl2vecstar	bma	raw	7	2324.4248062015504	0.04124862720005331	0.020155038759689922	0.04186046511627907	0.08527131782945736	0.19844961240310077	0.472436124489181
func	owl2vecstar	bma	raw	8	2157.61094224924	0.04634979131400606	0.022796352583586626	0.0486322188449848	0.09878419452887538	0.22492401215805471	0.5103332409756017
func	owl2vecstar	bma	raw	9	2240.497709923664	0.04787577082124344	0.025954198473282442	0.051908396946564885	0.08549618320610687	0.20610687022900764	0.4915036207049138
func	owl2vecstar	bmm	calibrated	0	788.8063492063492	0.08225012626099497	0.03650793650793651	0.09206349206349207	0.16031746031746033	0.43333333333333335	0.8215268982488805
func	owl2vecstar	bmm	calibrated	1	842.4079320113315	0.060073846737509824	0.019830028328611898	0.059490084985835696	0.12889518413597734	0.415014164305949	0.8092712933083556
func	owl2vecstar	bmm	calibrated	2	910.6273006134969	0.0670532866549217	0.03067484662576687	0.06595092024539877	0.13190184049079753	0.37116564417177916	0.7938117210130021
func	owl2vecstar	bmm	calibrated	3	813.4873817034701	0.0673209254894001	0.03470031545741325	0.06624605678233439	0.11198738170347003	0.39589905362776023	0.8159185160378433
func	owl2vecstar	bmm	calibrated	4	852.1159196290572	0.0635209594662844	0.02472952086553323	0.07109737248840804	0.13137557959814528	0.4126738794435858	0.8071280777948339
func	owl2vecstar	bmm	calibrated	5	871.7474452554744	0.06358137118283765	0.032116788321167884	0.059854014598540145	0.12992700729927006	0.38248175182481753	0.8026077592286237
func	owl2vecstar	bmm	calibrated	6	881.2018209408194	0.05746885930090333	0.02276176024279211	0.05311077389984825	0.125948406676783	0.4006069802731411	0.8004988718294026
func	owl2vecstar	bmm	calibrated	7	887.6899224806201	0.05763294939953762	0.018604651162790697	0.04961240310077519	0.13333333333333333	0.37829457364341085	0.79906039251345
func	owl2vecstar	bmm	calibrated	8	761.887537993921	0.06759945090172764	0.030395136778115502	0.06990881458966565	0.1398176291793313	0.40577507598784196	0.8276252339748394
func	owl2vecstar	bmm	calibrated	9	818.830534351145	0.07003730976655856	0.03358778625954199	0.0717557251908397	0.15114503816793892	0.3938931297709924	0.814679255694823
func	owl2vecstar	bmm	raw	0	2089.5809523809526	0.03722782016669345	0.020634920634920634	0.03492063492063492	0.05714285714285714	0.20476190476190476	0.5258458812789342
func	owl2vecstar	bmm	raw	1	2121.584985835694	0.03774194362337293	0.0113314447592068	0.036827195467422094	0.08781869688385269	0.26487252124645894	0.5184786395568912
func	owl2vecstar	bmm	raw	2	2255.65490797546	0.039366136767730736	0.013803680981595092	0.04447852760736196	0.09202453987730061	0.20705521472392638	0.4880571016558421
func	owl2vecstar	bmm	raw	3	2210.514195583596	0.033158180532645125	0.011041009463722398	0.03470031545741325	0.07413249211356467	0.21766561514195584	0.49833701809200975
func	owl2vecstar	bmm	raw	4	2156.0216383307575	0.04104423999330765	0.015455950540958269	0.03709428129829984	0.10046367851622875	0.250386398763524	0.5107234221069633
func	owl2vecstar	bmm	raw	5	2241.705109489051	0.037355917882617745	0.01897810218978102	0.033576642335766425	0.07007299270072993	0.21897810218978103	0.49119507917360117
func	owl2vecstar	bmm	raw	6	2135.842185128983	0.04477140949278488	0.021244309559939303	0.04400606980273141	0.09256449165402124	0.2276176024279211	0.515291618560019
func	owl2vecstar	bmm	raw	7	2278.5147286821707	0.03296872384172745	0.013953488372093023	0.031007751937984496	0.06976744186046512	0.2062015503875969	0.48287736289607747
func	owl2vecstar	bmm	raw	8	2099.4604863221884	0.03585095309247659	0.015197568389057751	0.0364741641337386	0.07446808510638298	0.23100303951367782	0.5235572674364372
func	owl2vecstar	bmm	raw	9	2186.6946564885498	0.03363705816881107	0.012213740458015267	0.02900763358778626	0.08244274809160305	0.20458015267175572	0.503760049560188
func	owl2vecstar_gda	bma	calibrated	0	701.9539682539682	0.07775589075270134	0.03333333333333333	0.07777777777777778	0.173015873015873	0.4444444444444444	0.8412925737090319
func	owl2vecstar_gda	bma	calibrated	1	782.9249291784703	0.07281610867056428	0.029745042492917848	0.08073654390934844	0.14305949008498584	0.43059490084985835	0.8228020854598038
func	owl2vecstar_gda	bma	calibrated	2	865.2116564417178	0.07112025072487987	0.03067484662576687	0.06748466257668712	0.1579754601226994	0.41411042944785276	0.8041405115775058
func	owl2vecstar_gda	bma	calibrated	3	775.1971608832807	0.07239531406645186	0.03470031545741325	0.07570977917981073	0.13564668769716087	0.4242902208201893	0.824652398057201
func	owl2vecstar_gda	bma	calibrated	4	737.9799072642968	0.06164756862621044	0.021638330757341576	0.061823802163833076	0.12364760432766615	0.44049459041731065	0.8330890855129713
func	owl2vecstar_gda	bma	calibrated	5	813.9094890510949	0.06428129273676934	0.029197080291970802	0.059854014598540145	0.1343065693430657	0.39124087591240875	0.8157693437294141
func	owl2vecstar_gda	bma	calibrated	6	808.1836115326252	0.05996872819632665	0.018209408194233688	0.06069802731411229	0.13808801213960548	0.4355083459787557	0.8170982093116073
func	owl2vecstar_gda	bma	calibrated	7	770.6294573643411	0.06282926914346822	0.020155038759689922	0.06046511627906977	0.14418604651162792	0.3922480620155039	0.825644482273103
func	owl2vecstar_gda	bma	calibrated	8	762.1671732522797	0.07270044223511082	0.03343465045592705	0.06838905775075987	0.1474164133738602	0.43465045592705165	0.827559938670781
func	owl2vecstar_gda	bma	calibrated	9	761.3786259541985	0.06801791041927771	0.02900763358778626	0.05801526717557252	0.1480916030534351	0.41374045801526715	0.8277476317483675
func	owl2vecstar_gda	bma	raw	0	2201.0968253968254	0.04924064295867642	0.02857142857142857	0.049206349206349205	0.08412698412698413	0.2111111111111111	0.5004918145177294
func	owl2vecstar_gda	bma	raw	1	2214.7606232294615	0.05757284231631476	0.026912181303116147	0.05807365439093484	0.12464589235127478	0.2790368271954674	0.4972991543919008
func	owl2vecstar_gda	bma	raw	2	2351.846625766871	0.059016221877782306	0.029141104294478526	0.05828220858895705	0.12269938650306748	0.25	0.46620606746932164
func	owl2vecstar_gda	bma	raw	3	2325.7917981072555	0.05293736318381085	0.028391167192429023	0.056782334384858045	0.0914826498422713	0.22870662460567823	0.4721414674829309
func	owl2vecstar_gda	bma	raw	4	2224.466769706337	0.06518623870180064	0.03863987635239567	0.06646058732612056	0.11901081916537867	0.2472952086553323	0.49515574180305844
func	owl2vecstar_gda	bma	raw	5	2327.8934306569345	0.05896000396372305	0.040875912408759124	0.061313868613138686	0.0905109489051095	0.22773722627737225	0.47160535821844046
func	owl2vecstar_gda	bma	raw	6	2210.49468892261	0.05790108690434326	0.028831562974203338	0.0622154779969651	0.12139605462822459	0.2564491654021244	0.49834612018664753
func	owl2vecstar_gda	bma	raw	7	2343.724031007752	0.04898844235771114	0.024806201550387597	0.05426356589147287	0.09767441860465116	0.20930232558139536	0.4680462966389472
func	owl2vecstar_gda	bma	raw	8	2202.6793313069907	0.05472369480744358	0.028875379939209727	0.05927051671732523	0.1033434650455927	0.24164133738601823	0.5001076163344668
func	owl2vecstar_gda	bma	raw	9	2273.6916030534353	0.05342048139452945	0.030534351145038167	0.05648854961832061	0.09312977099236641	0.21068702290076335	0.4839838686446782
func	owl2vecstar_gda	bmm	calibrated	0	734.2047619047619	0.061671553450326974	0.025396825396825397	0.05714285714285714	0.1365079365079365	0.3888888888888889	0.8339586558272624
func	owl2vecstar_gda	bmm	calibrated	1	825.0977337110481	0.059052711099277434	0.029745042492917848	0.05807365439093484	0.11473087818696884	0.37677053824362605	0.8132031037185249
func	owl2vecstar_gda	bmm	calibrated	2	897.2101226993865	0.0531156427073444	0.019938650306748466	0.05214723926380368	0.11503067484662577	0.3665644171779141	0.7968638647656956
func	owl2vecstar_gda	bmm	calibrated	3	811.0031545741325	0.054878895658315774	0.022082018927444796	0.056782334384858045	0.10094637223974763	0.3627760252365931	0.8164920260770481
func	owl2vecstar_gda	bmm	calibrated	4	756.7295208655332	0.05060031247056546	0.02009273570324575	0.05100463678516229	0.1035548686244204	0.38639876352395675	0.8288024220763959
func	owl2vecstar_gda	bmm	calibrated	5	842.2525547445256	0.04998985841138266	0.017518248175182483	0.051094890510948905	0.11386861313868613	0.3605839416058394	0.8093385523916351
func	owl2vecstar_gda	bmm	calibrated	6	840.3657056145676	0.042585776676045864	0.010622154779969651	0.03490136570561457	0.09559939301972686	0.36570561456752654	0.8097722582142927
func	owl2vecstar_gda	bmm	calibrated	7	827.646511627907	0.0485092054658522	0.013953488372093023	0.04961240310077519	0.11007751937984496	0.3395348837209302	0.8127007371301792
func	owl2vecstar_gda	bmm	calibrated	8	781.9164133738602	0.056186706136643325	0.025835866261398176	0.05015197568389058	0.11398176291793313	0.3829787234042553	0.823081682697988
func	owl2vecstar_gda	bmm	calibrated	9	823.7190839694656	0.04906286292889629	0.016793893129770993	0.050381679389312976	0.1083969465648855	0.3465648854961832	0.8135783809297394
func	owl2vecstar_gda	bmm	raw	0	2161.506349206349	0.03731211802752805	0.01904761904761905	0.03968253968253968	0.06031746031746032	0.2126984126984127	0.5094853808766061
func	owl2vecstar_gda	bmm	raw	1	2178.7252124645893	0.0396092760814824	0.014164305949008499	0.03541076487252125	0.08923512747875353	0.25920679886685555	0.5054939411287782
func	owl2vecstar_gda	bmm	raw	2	2324.0291411042945	0.03574595019223938	0.010736196319018405	0.032208588957055216	0.0843558282208589	0.2361963190184049	0.47253140353984524
func	owl2vecstar_gda	bmm	raw	3	2300.692429022082	0.037644119308418086	0.017350157728706624	0.03785488958990536	0.0804416403785489	0.21608832807570977	0.4778484212428549
func	owl2vecstar_gda	bmm	raw	4	2193.0417310664607	0.04749500638678083	0.021638330757341576	0.04945904173106646	0.10046367851622875	0.241112828438949	0.5022966087908837
func	owl2vecstar_gda	bmm	raw	5	2299.214598540146	0.04059826644480459	0.021897810218978103	0.03941605839416058	0.07445255474452554	0.2116788321167883	0.47811679163977217
func	owl2vecstar_gda	bmm	raw	6	2189.5083459787556	0.043970028095252016	0.018209408194233688	0.04400606980273141	0.09256449165402124	0.22306525037936267	0.5030737086405
func	owl2vecstar_gda	bmm	raw	7	2331.1674418604653	0.0335901438097958	0.012403100775193798	0.034108527131782945	0.07906976744186046	0.20310077519379846	0.4709056498041309
func	owl2vecstar_gda	bmm	raw	8	2180.4650455927053	0.037364012047990024	0.015197568389057751	0.037993920972644375	0.0790273556231003	0.23404255319148937	0.5051388095249612
func	owl2vecstar_gda	bmm	raw	9	2247.781679389313	0.03518869636521092	0.013740458015267175	0.03206106870229008	0.08091603053435115	0.20305343511450383	0.48984502029434157
func_expr	owl2vecstar	bma	calibrated	0	968.7444444444444	0.06216179967586822	0.02857142857142857	0.06031746031746032	0.12857142857142856	0.3761904761904762	0.7806413434510729
func_expr	owl2vecstar	bma	calibrated	1	1036.8541076487252	0.054310156459403416	0.019830028328611898	0.053824362606232294	0.1274787535410765	0.35694050991501414	0.7650586310177371
func_expr	owl2vecstar	bma	calibrated	2	1111.506134969325	0.054643633660680174	0.019938650306748466	0.05521472392638037	0.1165644171779141	0.3696319018404908	0.7481827994929132
func_expr	owl2vecstar	bma	calibrated	3	1068.3343848580441	0.04730145573279035	0.017350157728706624	0.04258675078864353	0.08990536277602523	0.34542586750788645	0.7579800184010848
func_expr	owl2vecstar	bma	calibrated	4	1073.003091190108	0.049338764707102835	0.015455950540958269	0.04636785162287481	0.11901081916537867	0.3678516228748068	0.7569287385463818
func_expr	owl2vecstar	bma	calibrated	5	1117.485401459854	0.050016029000679314	0.020437956204379562	0.052554744525547446	0.10218978102189781	0.3343065693430657	0.7467538242765858
func_expr	owl2vecstar	bma	calibrated	6	1084.0349013657055	0.0510598012202469	0.01669195751138088	0.05614567526555387	0.11380880121396054	0.38391502276176026	0.7543987614787606
func_expr	owl2vecstar	bma	calibrated	7	1125.8728682170542	0.04745651278272992	0.017054263565891473	0.046511627906976744	0.09767441860465116	0.33488372093023255	0.7449030875586593
func_expr	owl2vecstar	bma	calibrated	8	978.5516717325228	0.04558697561623045	0.016717325227963525	0.03951367781155015	0.09878419452887538	0.35714285714285715	0.778384801464273
func_expr	owl2vecstar	bma	calibrated	9	1028.7809160305344	0.04845124275437156	0.013740458015267175	0.044274809160305344	0.11450381679389313	0.3618320610687023	0.7669564040404742
func_expr	owl2vecstar	bma	raw	0	2254.9126984126983	0.04731282731565941	0.03015873015873016	0.046031746031746035	0.07777777777777778	0.18412698412698414	0.4882522001753645
func_expr	owl2vecstar	bma	raw	1	2242.2606232294615	0.05069541815137155	0.024079320113314446	0.05240793201133145	0.10198300283286119	0.26203966005665724	0.49106624799481213
func_expr	owl2vecstar	bma	raw	2	2359.943251533742	0.05084763945681255	0.023006134969325152	0.05214723926380368	0.11349693251533742	0.23159509202453987	0.46436393798367454
func_expr	owl2vecstar	bma	raw	3	2344.8548895899053	0.04761998436946098	0.026813880126182965	0.04889589905362776	0.08201892744479496	0.20977917981072555	0.4678081410816769
func_expr	owl2vecstar	bma	raw	4	2263.095826893354	0.05320243314993069	0.027820710973724884	0.05564142194744977	0.10664605873261206	0.22565687789799072	0.48637019865059966
func_expr	owl2vecstar	bma	raw	5	2371.6737226277373	0.04790885800951206	0.024817518248175182	0.05547445255474453	0.08175182481751825	0.20875912408759123	0.4616416637490604
func_expr	owl2vecstar	bma	raw	6	2250.154779969651	0.0499430950347047	0.025796661608497723	0.05007587253414264	0.10773899848254932	0.23672230652503792	0.48929971324011073
func_expr	owl2vecstar	bma	raw	7	2370.2682170542635	0.04140987184189292	0.020155038759689922	0.040310077519379844	0.08062015503875969	0.19689922480620156	0.46201356545092176
func_expr	owl2vecstar	bma	raw	8	2236.241641337386	0.04757054573855394	0.0243161094224924	0.04711246200607903	0.09574468085106383	0.22340425531914893	0.4924649564594329
func_expr	owl2vecstar	bma	raw	9	2307.893893129771	0.04719478043710825	0.025954198473282442	0.04885496183206107	0.08396946564885496	0.2015267175572519	0.47617813902882167
func_expr	owl2vecstar	bmm	calibrated	0	899.0730158730158	0.06496148368217114	0.031746031746031744	0.06666666666666667	0.12380952380952381	0.35555555555555557	0.7964604148850568
func_expr	owl2vecstar	bmm	calibrated	1	974.8328611898017	0.04523996636553119	0.014164305949008499	0.0453257790368272	0.10056657223796034	0.358356940509915	0.7791519383429276
func_expr	owl2vecstar	bmm	calibrated	2	1052.4325153374234	0.049336529020034964	0.019938650306748466	0.046012269938650305	0.10736196319018405	0.32975460122699385	0.7615919750305772
func_expr	owl2vecstar	bmm	calibrated	3	1004.2523659305994	0.04730510868585162	0.025236593059936908	0.04258675078864353	0.07570977917981073	0.3186119873817035	0.7725848934694795
func_expr	owl2vecstar	bmm	calibrated	4	990.0989180834621	0.04550682847316974	0.01854714064914992	0.03554868624420402	0.08809891808346214	0.35239567233384855	0.7757643387407493
func_expr	owl2vecstar	bmm	calibrated	5	1071.6547445255474	0.045436743515241754	0.017518248175182483	0.04525547445255475	0.09635036496350365	0.31386861313868614	0.7571782239825574
func_expr	owl2vecstar	bmm	calibrated	6	1033.969650986343	0.040190560809916426	0.010622154779969651	0.03793626707132018	0.08952959028831563	0.33839150227617604	0.7657732599594127
func_expr	owl2vecstar	bmm	calibrated	7	1015.1255813953488	0.0495999855602167	0.018604651162790697	0.05271317829457364	0.10077519379844961	0.3271317829457364	0.7700686026246276
func_expr	owl2vecstar	bmm	calibrated	8	905.8723404255319	0.041007706045336906	0.0121580547112462	0.037993920972644375	0.08206686930091185	0.3434650455927052	0.7949062407800611
func_expr	owl2vecstar	bmm	calibrated	9	1009.1595419847329	0.04216254373078546	0.015267175572519083	0.035114503816793895	0.10076335877862595	0.31603053435114503	0.7714098797610145
func_expr	owl2vecstar	bmm	raw	0	2206.6825396825398	0.03718974995933291	0.020634920634920634	0.03492063492063492	0.06031746031746032	0.18412698412698414	0.49923738079000635
func_expr	owl2vecstar	bmm	raw	1	2207.2067988668555	0.03926668752331218	0.015580736543909348	0.039660056657223795	0.08356940509915015	0.2577903682719547	0.499003282358146
func_expr	owl2vecstar	bmm	raw	2	2336.0030674846626	0.0372671928998387	0.012269938650306749	0.04294478527607362	0.09049079754601227	0.2085889570552147	0.4698033365084368
func_expr	owl2vecstar	bmm	raw	3	2313.3548895899053	0.03740078430595787	0.017350157728706624	0.03785488958990536	0.06782334384858044	0.20662460567823343	0.474952007303065
func_expr	owl2vecstar	bmm	raw	4	2236.693972179289	0.040468080538801805	0.01854714064914992	0.03554868624420402	0.09119010819165378	0.22720247295208656	0.4923786598963583
func_expr	owl2vecstar	bmm	raw	5	2340.348905109489	0.03330600275520112	0.01167883211678832	0.0364963503649635	0.06715328467153285	0.2072992700729927	0.4687858720379383
func_expr	owl2vecstar	bmm	raw	6	2223.2640364188164	0.041241472457552095	0.019726858877086494	0.03945371775417299	0.08952959028831563	0.2094081942336874	0.4954195342368126
func_expr	owl2vecstar	bmm	raw	7	2358.0713178294573	0.030594958498641158	0.012403100775193798	0.02945736434108527	0.06821705426356589	0.19069767441860466	0.4647904474413671
func_expr	owl2vecstar	bmm	raw	8	2203.7340425531916	0.03628635519638222	0.016717325227963525	0.0364741641337386	0.07598784194528875	0.20820668693009117	0.49985489932431454
func_expr	owl2vecstar	bmm	raw	9	2277.0893129770993	0.03413721490313463	0.013740458015267175	0.03206106870229008	0.07786259541984733	0.1969465648854962	0.4831795567694947
func_expr	owl2vecstar_gda	bma	calibrated	0	929.5730158730158	0.0624204443835608	0.025396825396825397	0.06031746031746032	0.1380952380952381	0.38571428571428573	0.7895490317063402
func_expr	owl2vecstar_gda	bma	calibrated	1	984.6331444759206	0.053119034928230495	0.015580736543909348	0.05240793201133145	0.12322946175637393	0.37252124645892354	0.7769479221069431
func_expr	owl2vecstar_gda	bma	calibrated	2	1075.1932515337423	0.05579834096906064	0.02147239263803681	0.046012269938650305	0.1334355828220859	0.36809815950920244	0.7564023892769829
func_expr	owl2vecstar_gda	bma	calibrated	3	1031.1182965299683	0.04576286726544649	0.015772870662460567	0.03785488958990536	0.09936908517350158	0.3627760252365931	0.766448748389188
func_expr	owl2vecstar_gda	bma	calibrated	4	1002.9582689335394	0.050886117986394024	0.021638330757341576	0.04636785162287481	0.09582689335394126	0.37094281298299847	0.7728286216517524
func_expr	owl2vecstar_gda	bma	calibrated	5	1090.5043795620438	0.05175209690318964	0.020437956204379562	0.04817518248175182	0.10802919708029197	0.33284671532846716	0.7528872686725416
func_expr	owl2vecstar_gda	bma	calibrated	6	1053.8406676783004	0.049715678987694766	0.015174506828528073	0.048558421851289835	0.10925644916540213	0.3899848254931715	0.7612681665477153
func_expr	owl2vecstar_gda	bma	calibrated	7	1075.5720930232558	0.05082687472573226	0.018604651162790697	0.04961240310077519	0.11472868217054263	0.3364341085271318	0.7563126573868972
func_expr	owl2vecstar_gda	bma	calibrated	8	956.758358662614	0.04886650611981771	0.016717325227963525	0.05015197568389058	0.09574468085106383	0.378419452887538	0.7833408532334304
func_expr	owl2vecstar_gda	bma	calibrated	9	986.9229007633588	0.045598841405874634	0.012213740458015267	0.03969465648854962	0.1099236641221374	0.3435114503816794	0.7764861549033525
func_expr	owl2vecstar_gda	bma	raw	0	2253.319841269841	0.0493372967133924	0.03015873015873016	0.047619047619047616	0.07936507936507936	0.19682539682539682	0.48861303254347127
func_expr	owl2vecstar_gda	bma	raw	1	2252.400849858357	0.06098355192899434	0.032577903682719546	0.06373937677053824	0.12464589235127478	0.2790368271954674	0.4887500185143803
func_expr	owl2vecstar_gda	bma	raw	2	2377.0651840490796	0.056352387624638886	0.024539877300613498	0.06134969325153374	0.12269938650306748	0.24846625766871167	0.46047126926504484
func_expr	owl2vecstar_gda	bma	raw	3	2362.257097791798	0.051547426598359	0.026813880126182965	0.05362776025236593	0.09305993690851735	0.22870662460567823	0.463851836128515
func_expr	owl2vecstar_gda	bma	raw	4	2274.4126738794434	0.06594755494783933	0.03863987635239567	0.0695517774343122	0.11746522411128284	0.241112828438949	0.483801819508649
func_expr	owl2vecstar_gda	bma	raw	5	2377.712408759124	0.05848144931127409	0.040875912408759124	0.05693430656934306	0.0905109489051095	0.22189781021897811	0.4602804552461326
func_expr	owl2vecstar_gda	bma	raw	6	2257.2610015174505	0.0575854388505951	0.03186646433990895	0.05918057663125948	0.11380880121396054	0.2534142640364188	0.4876772242001476
func_expr	owl2vecstar_gda	bma	raw	7	2367.429457364341	0.049043744318254645	0.024806201550387597	0.05426356589147287	0.09767441860465116	0.21085271317829457	0.4626588847712042
func_expr	owl2vecstar_gda	bma	raw	8	2253.0440729483284	0.05411103042898221	0.02735562310030395	0.057750759878419454	0.10182370820668693	0.24012158054711247	0.4886512270334996
func_expr	owl2vecstar_gda	bma	raw	9	2314.232824427481	0.052231400916708914	0.030534351145038167	0.0549618320610687	0.09312977099236641	0.20916030534351146	0.4747399218073504
func_expr	owl2vecstar_gda	bmm	calibrated	0	942.452380952381	0.05500218721677907	0.020634920634920634	0.05714285714285714	0.1126984126984127	0.34285714285714286	0.7866376557442708
func_expr	owl2vecstar_gda	bmm	calibrated	1	991.4419263456091	0.04426057860489169	0.0169971671388102	0.042492917847025496	0.08640226628895184	0.3371104815864023	0.7753735557978345
func_expr	owl2vecstar_gda	bmm	calibrated	2	1075.9217791411043	0.0471565822045368	0.018404907975460124	0.03987730061349693	0.10736196319018405	0.32515337423312884	0.7562306756834026
func_expr	owl2vecstar_gda	bmm	calibrated	3	1024.8958990536278	0.0394277398353376	0.015772870662460567	0.02996845425867508	0.08201892744479496	0.30757097791798105	0.7678483710450397
func_expr	owl2vecstar_gda	bmm	calibrated	4	988.0417310664606	0.040117621587982044	0.015455950540958269	0.03709428129829984	0.07882534775888717	0.3230293663060278	0.7762372578002659
func_expr	owl2vecstar_gda	bmm	calibrated	5	1081.5394160583942	0.04322808975709771	0.013138686131386862	0.04525547445255475	0.09781021897810219	0.291970802919708	0.7549292058745933
func_expr	owl2vecstar_gda	bmm	calibrated	6	1076.3550834597875	0.03976488180109183	0.013657056145675266	0.03490136570561457	0.0819423368740516	0.3201820940819423	0.756121632002859
func_expr	owl2vecstar_gda	bmm	calibrated	7	1058.320930232558	0.04336658091572805	0.013953488372093023	0.046511627906976744	0.08837209302325581	0.28527131782945736	0.7602642249559889
func_expr	owl2vecstar_gda	bmm	calibrated	8	960.6702127659574	0.040272765615688204	0.015197568389057751	0.034954407294832825	0.0790273556231003	0.331306990881459	0.7824286191045077
func_expr	owl2vecstar_gda	bmm	calibrated	9	1014.8450381679389	0.038400895341883616	0.013740458015267175	0.03358778625954199	0.08244274809160305	0.2885496183206107	0.7701332190348604
func_expr	owl2vecstar_gda	bmm	raw	0	2229.7555555555555	0.03531087874022391	0.01746031746031746	0.03968253968253968	0.05714285714285714	0.20793650793650795	0.4939735582040651
func_expr	owl2vecstar_gda	bmm	raw	1	2232.970254957507	0.04178666141495738	0.018413597733711047	0.036827195467422094	0.0906515580736544	0.254957507082153	0.49317318447986186
func_expr	owl2vecstar_gda	bmm	raw	2	2368.5598159509204	0.03688496503345686	0.013803680981595092	0.032208588957055216	0.08742331288343558	0.2254601226993865	0.4623863552368985
func_expr	owl2vecstar_gda	bmm	raw	3	2353.255520504732	0.037025385154429935	0.015772870662460567	0.03627760252365931	0.08201892744479496	0.21608832807570977	0.46588430981231044
func_expr	owl2vecstar_gda	bmm	raw	4	2261.3013910355485	0.04516741589054688	0.02009273570324575	0.04482225656877898	0.09428129829984544	0.23493044822256567	0.48678865823446604
func_expr	owl2vecstar_gda	bmm	raw	5	2363.675182481752	0.038110441478662334	0.01897810218978102	0.03795620437956204	0.07153284671532846	0.2116788321167883	0.4634771008009451
func_expr	owl2vecstar_gda	bmm	raw	6	2248.800455235205	0.042811113991032185	0.019726858877086494	0.042488619119878605	0.08649468892261002	0.21396054628224584	0.48962034756830153
func_expr	owl2vecstar_gda	bmm	raw	7	2370.0899224806203	0.031995807087483084	0.010852713178294573	0.031007751937984496	0.07286821705426356	0.19689922480620156	0.46204722355856076
func_expr	owl2vecstar_gda	bmm	raw	8	2242.019756838906	0.03874895715975369	0.0182370820668693	0.0364741641337386	0.07750759878419453	0.23252279635258358	0.4911540409501745
func_expr	owl2vecstar_gda	bmm	raw	9	2301.477099236641	0.033739165042955176	0.012213740458015267	0.035114503816793895	0.07480916030534351	0.2015267175572519	0.47763422984751913
pheno_func_expr	owl2vecstar	bma	calibrated	0	783.5571428571428	0.08455669589022968	0.03968253968253968	0.0873015873015873	0.1746031746031746	0.45714285714285713	0.822722155468234
pheno_func_expr	owl2vecstar	bma	calibrated	1	801.256373937677	0.08020703157124516	0.032577903682719546	0.0821529745042493	0.17422096317280453	0.44192634560906513	0.8186120396922556
pheno_func_expr	owl2vecstar	bma	calibrated	2	879.8680981595093	0.07244252059355986	0.03067484662576687	0.06901840490797546	0.16717791411042945	0.44631901840490795	0.800813626075084
pheno_func_expr	owl2vecstar	bma	calibrated	3	799.4700315457413	0.06850024565115816	0.02996845425867508	0.0583596214511041	0.14826498422712933	0.47318611987381703	0.8191109178096829
pheno_func_expr	owl2vecstar	bma	calibrated	4	824.1344667697064	0.07746428393624871	0.03554868624420402	0.07418856259659969	0.1561051004636785	0.47449768160741884	0.8134866607663044
pheno_func_expr	owl2vecstar	bma	calibrated	5	876.992700729927	0.07204803697364504	0.032116788321167884	0.07445255474452554	0.1343065693430657	0.4218978102189781	0.8014321436690157
pheno_func_expr	owl2vecstar	bma	calibrated	6	829.4628224582701	0.07265195535597245	0.027314112291350532	0.08042488619119878	0.15477996965098634	0.464339908952959	0.812269721943289
pheno_func_expr	owl2vecstar	bma	calibrated	7	888.2651162790697	0.07377679176485571	0.03565891472868217	0.06821705426356589	0.15503875968992248	0.4310077519379845	0.7989111337848102
pheno_func_expr	owl2vecstar	bma	calibrated	8	724.9908814589666	0.0729153227047991	0.030395136778115502	0.06990881458966565	0.1474164133738602	0.4696048632218845	0.8360063526457726
pheno_func_expr	owl2vecstar	bma	calibrated	9	787.3160305343512	0.06859073721455398	0.02900763358778626	0.06259541984732825	0.15114503816793892	0.44732824427480916	0.8218564593965666
pheno_func_expr	owl2vecstar	bma	raw	0	2047.2174603174603	0.04841384295744553	0.031746031746031744	0.046031746031746035	0.07777777777777778	0.2	0.5354701826172615
pheno_func_expr	owl2vecstar	bma	raw	1	2007.4305949008499	0.05183872233791862	0.024079320113314446	0.053824362606232294	0.10764872521246459	0.26487252124645894	0.5444216332967768
pheno_func_expr	owl2vecstar	bma	raw	2	2173.6763803680983	0.05338222423278711	0.024539877300613498	0.05674846625766871	0.1196319018404908	0.2285276073619632	0.5066916002939877
pheno_func_expr	owl2vecstar	bma	raw	3	2109.127760252366	0.04861013420954923	0.028391167192429023	0.04574132492113565	0.083596214511041	0.22082018927444794	0.5213726162312484
pheno_func_expr	owl2vecstar	bma	raw	4	2031.29057187017	0.05428534884756602	0.02936630602782071	0.05100463678516229	0.10973724884080371	0.23338485316846985	0.5390634305323713
pheno_func_expr	owl2vecstar	bma	raw	5	2188.556204379562	0.05196300696293397	0.032116788321167884	0.05693430656934306	0.08175182481751825	0.2116788321167883	0.5032829292656095
pheno_func_expr	owl2vecstar	bma	raw	6	2006.8224582701062	0.05322580334602355	0.028831562974203338	0.05614567526555387	0.10318664643399089	0.24582701062215478	0.5446185348373768
pheno_func_expr	owl2vecstar	bma	raw	7	2218.9100775193797	0.04449304769028973	0.024806201550387597	0.046511627906976744	0.08062015503875969	0.2	0.49644122783366906
pheno_func_expr	owl2vecstar	bma	raw	8	2037.3191489361702	0.04864137373230234	0.0243161094224924	0.05167173252279635	0.09422492401215805	0.23708206686930092	0.5376688263635491
pheno_func_expr	owl2vecstar	bma	raw	9	2084.447328244275	0.04668697306027894	0.024427480916030534	0.04885496183206107	0.08396946564885496	0.20916030534351146	0.5269625817109718
pheno_func_expr	owl2vecstar	bmm	calibrated	0	778.3777777777777	0.0802616003122137	0.0380952380952381	0.08253968253968254	0.1523809523809524	0.4253968253968254	0.8238943194160289
pheno_func_expr	owl2vecstar	bmm	calibrated	1	813.7988668555241	0.06398408983464843	0.024079320113314446	0.060906515580736544	0.14872521246458922	0.4093484419263456	0.8157769245778883
pheno_func_expr	owl2vecstar	bmm	calibrated	2	879.1073619631902	0.06139331245297	0.02147239263803681	0.06441717791411043	0.1411042944785276	0.40337423312883436	0.8009797611559794
pheno_func_expr	owl2vecstar	bmm	calibrated	3	798.3895899053628	0.05974389631289927	0.028391167192429023	0.0583596214511041	0.10252365930599369	0.416403785488959	0.819348102486728
pheno_func_expr	owl2vecstar	bmm	calibrated	4	810.7449768160742	0.06176234938278699	0.02472952086553323	0.061823802163833076	0.11901081916537867	0.4435857805255023	0.8165411346473644
pheno_func_expr	owl2vecstar	bmm	calibrated	5	880.3313868613138	0.06225552312982016	0.026277372262773723	0.058394160583941604	0.12116788321167883	0.39416058394160586	0.8006642186429233
pheno_func_expr	owl2vecstar	bmm	calibrated	6	835.474962063733	0.05582443054689095	0.021244309559939303	0.05311077389984825	0.10925644916540213	0.3945371775417299	0.8108755921558941
pheno_func_expr	owl2vecstar	bmm	calibrated	7	866.6682170542636	0.06711131673284013	0.034108527131782945	0.06046511627906977	0.12868217054263567	0.3875968992248062	0.8038373767117616
pheno_func_expr	owl2vecstar	bmm	calibrated	8	701.6580547112462	0.06120562211143931	0.0243161094224924	0.05927051671732523	0.11246200607902736	0.4316109422492401	0.8413396661717121
pheno_func_expr	owl2vecstar	bmm	calibrated	9	796.8335877862595	0.05307817040997235	0.021374045801526718	0.04732824427480916	0.11297709923664122	0.40610687022900765	0.8196649481405387
pheno_func_expr	owl2vecstar	bmm	raw	0	1992.8809523809523	0.03688642171504938	0.01746031746031746	0.0380952380952381	0.06666666666666667	0.1984126984126984	0.5478308562191263
pheno_func_expr	owl2vecstar	bmm	raw	1	1964.8073654390935	0.04180372961341782	0.0169971671388102	0.042492917847025496	0.09631728045325778	0.25920679886685555	0.5541067471553861
pheno_func_expr	owl2vecstar	bmm	raw	2	2139.2085889570553	0.03888189685446516	0.012269938650306749	0.04294478527607362	0.09202453987730061	0.21625766871165644	0.5145332458436594
pheno_func_expr	owl2vecstar	bmm	raw	3	2063.660883280757	0.03964919545725293	0.022082018927444796	0.03470031545741325	0.07413249211356467	0.20977917981072555	0.5317241228469619
pheno_func_expr	owl2vecstar	bmm	raw	4	1989.2302936630604	0.04360254963967482	0.01854714064914992	0.04482225656877898	0.10046367851622875	0.23183925811437403	0.5486189604002316
pheno_func_expr	owl2vecstar	bmm	raw	5	2137.2335766423357	0.03877856521511307	0.01897810218978102	0.042335766423357665	0.07445255474452554	0.21751824817518248	0.5149455002215167
pheno_func_expr	owl2vecstar	bmm	raw	6	1977.9886191198786	0.04294247826416396	0.019726858877086494	0.042488619119878605	0.09256449165402124	0.22458270106221548	0.5511629936587188
pheno_func_expr	owl2vecstar	bmm	raw	7	2200.0093023255813	0.03444504515507	0.015503875968992248	0.03565891472868217	0.06666666666666667	0.2	0.5007267331722678
pheno_func_expr	owl2vecstar	bmm	raw	8	1994.7310030395138	0.039392055714690226	0.0182370820668693	0.03951367781155015	0.08358662613981763	0.22796352583586627	0.5473836620784912
pheno_func_expr	owl2vecstar	bmm	raw	9	2055.4641221374045	0.03565861659572764	0.015267175572519083	0.030534351145038167	0.07786259541984733	0.20458015267175572	0.5335673097112633
pheno_func_expr	owl2vecstar_gda	bma	calibrated	0	741.479365079365	0.0667655671651149	0.020634920634920634	0.06349206349206349	0.15873015873015872	0.44761904761904764	0.8323266110263157
pheno_func_expr	owl2vecstar_gda	bma	calibrated	1	773.7620396600566	0.06436462193372681	0.021246458923512748	0.06657223796033994	0.141643059490085	0.43909348441926344	0.8248618505235867
pheno_func_expr	owl2vecstar_gda	bma	calibrated	2	823.3496932515337	0.06166622795823748	0.019938650306748466	0.05521472392638037	0.147239263803681	0.42024539877300615	0.8136724464706842
pheno_func_expr	owl2vecstar_gda	bma	calibrated	3	785.2902208201892	0.05996944243110256	0.026813880126182965	0.052050473186119876	0.1167192429022082	0.43690851735015773	0.8223225023180634
pheno_func_expr	owl2vecstar_gda	bma	calibrated	4	774.8037094281299	0.05711876473608753	0.017001545595054096	0.04791344667697063	0.13137557959814528	0.446676970633694	0.8247081235618745
pheno_func_expr	owl2vecstar_gda	bma	calibrated	5	827.9693430656935	0.05595387699321446	0.017518248175182483	0.052554744525547446	0.1343065693430657	0.4	0.8126022337525283
pheno_func_expr	owl2vecstar_gda	bma	calibrated	6	802.0622154779969	0.05698940449987411	0.01669195751138088	0.054628224582701064	0.125948406676783	0.44764795144157815	0.8184956161577623
pheno_func_expr	owl2vecstar_gda	bma	calibrated	7	846.3162790697675	0.06378876000704267	0.031007751937984496	0.05271317829457364	0.13643410852713178	0.413953488372093	0.8084414886399482
pheno_func_expr	owl2vecstar_gda	bma	calibrated	8	684.354103343465	0.0642324945980336	0.0243161094224924	0.060790273556231005	0.13677811550151975	0.44376899696048633	0.8452442562588487
pheno_func_expr	owl2vecstar_gda	bma	calibrated	9	763.0305343511451	0.05250573641334045	0.0183206106870229	0.044274809160305344	0.1251908396946565	0.42748091603053434	0.827374195037387
pheno_func_expr	owl2vecstar_gda	bma	raw	0	2057.595238095238	0.048709396958956284	0.02857142857142857	0.047619047619047616	0.08095238095238096	0.21904761904761905	0.5331106997622115
pheno_func_expr	owl2vecstar_gda	bma	raw	1	2024.5354107648725	0.06320435472977927	0.0339943342776204	0.06373937677053824	0.1274787535410765	0.29036827195467424	0.5405444000600187
pheno_func_expr	owl2vecstar_gda	bma	raw	2	2201.728527607362	0.06206033207148635	0.03067484662576687	0.06748466257668712	0.12576687116564417	0.2561349693251534	0.500332793147355
pheno_func_expr	owl2vecstar_gda	bma	raw	3	2158.7665615141955	0.05465474002988313	0.02996845425867508	0.056782334384858045	0.10252365930599369	0.2334384858044164	0.5100904779764257
pheno_func_expr	owl2vecstar_gda	bma	raw	4	2064.7959814528595	0.06604751930908177	0.03863987635239567	0.06646058732612056	0.12364760432766615	0.24884080370942813	0.5314610634073431
pheno_func_expr	owl2vecstar_gda	bma	raw	5	2223.1087591240876	0.05910082304256562	0.03941605839416058	0.058394160583941604	0.09197080291970802	0.23795620437956205	0.49540058042388535
pheno_func_expr	owl2vecstar_gda	bma	raw	6	2052.3444613050074	0.05766947133578742	0.028831562974203338	0.0622154779969651	0.11684370257966616	0.26100151745068284	0.5342604420027866
pheno_func_expr	owl2vecstar_gda	bma	raw	7	2230.7782945736435	0.04998301442328067	0.024806201550387597	0.05271317829457364	0.10232558139534884	0.22015503875968992	0.4937316620585016
pheno_func_expr	owl2vecstar_gda	bma	raw	8	2059.41641337386	0.05506235459293537	0.025835866261398176	0.057750759878419454	0.10486322188449848	0.25379939209726443	0.5326625075746008
pheno_func_expr	owl2vecstar_gda	bma	raw	9	2119.8549618320612	0.05397426564639473	0.030534351145038167	0.05648854961832061	0.09465648854961832	0.216793893129771	0.5189231070906122
pheno_func_expr	owl2vecstar_gda	bmm	calibrated	0	785.3428571428572	0.058220391239453315	0.022222222222222223	0.05714285714285714	0.1253968253968254	0.38095238095238093	0.8223192861292429
pheno_func_expr	owl2vecstar_gda	bmm	calibrated	1	813.3796033994334	0.05052766732032169	0.014164305949008499	0.053824362606232294	0.10623229461756374	0.3810198300283286	0.8158476012124826
pheno_func_expr	owl2vecstar_gda	bmm	calibrated	2	853.7407975460122	0.04635428965976472	0.015337423312883436	0.03987730061349693	0.11349693251533742	0.3588957055214724	0.8067591002974741
pheno_func_expr	owl2vecstar_gda	bmm	calibrated	3	833.3217665615142	0.04315812660521033	0.015772870662460567	0.033123028391167195	0.08517350157728706	0.36908517350157727	0.8113958721619411
pheno_func_expr	owl2vecstar_gda	bmm	calibrated	4	813.1391035548686	0.045362434268538004	0.012364760432766615	0.04173106646058733	0.10200927357032458	0.3693972179289026	0.8159932020520331
pheno_func_expr	owl2vecstar_gda	bmm	calibrated	5	859.2788321167883	0.045380962875290004	0.01167883211678832	0.04525547445255475	0.09927007299270073	0.34890510948905107	0.8054610951725922
pheno_func_expr	owl2vecstar_gda	bmm	calibrated	6	864.6236722306525	0.039602052305937045	0.010622154779969651	0.036418816388467376	0.08649468892261002	0.3884673748103187	0.8042521389707483
pheno_func_expr	owl2vecstar_gda	bmm	calibrated	7	880.1457364341085	0.045001471595326525	0.017054263565891473	0.03875968992248062	0.09457364341085271	0.35038759689922483	0.8007665589959663
pheno_func_expr	owl2vecstar_gda	bmm	calibrated	8	713.1382978723404	0.05131042264087527	0.02127659574468085	0.041033434650455926	0.09878419452887538	0.3829787234042553	0.8387072980803181
pheno_func_expr	owl2vecstar_gda	bmm	calibrated	9	815.3541984732824	0.03532542505472845	0.0061068702290076335	0.02900763358778626	0.08854961832061069	0.3603053435114504	0.8154859969909887
pheno_func_expr	owl2vecstar_gda	bmm	raw	0	2030.1412698412698	0.034063504257831424	0.014285714285714285	0.03650793650793651	0.06031746031746032	0.20952380952380953	0.5393574297188755
pheno_func_expr	owl2vecstar_gda	bmm	raw	1	1992.1756373937676	0.04350867985484668	0.018413597733711047	0.04107648725212465	0.09348441926345609	0.26770538243626063	0.5479084545998416
pheno_func_expr	owl2vecstar_gda	bmm	raw	2	2170.871165644172	0.037987061437048664	0.013803680981595092	0.0352760736196319	0.0843558282208589	0.23006134969325154	0.5073603245020829
pheno_func_expr	owl2vecstar_gda	bmm	raw	3	2128.930599369085	0.03842465645920363	0.017350157728706624	0.03627760252365931	0.083596214511041	0.21293375394321767	0.5168797324886714
pheno_func_expr	owl2vecstar_gda	bmm	raw	4	2039.2805255023184	0.0449751523997606	0.02009273570324575	0.04482225656877898	0.09428129829984544	0.24420401854714066	0.5372629299970874
pheno_func_expr	owl2vecstar_gda	bmm	raw	5	2189.043795620438	0.038728713111368065	0.01897810218978102	0.03941605839416058	0.072992700729927	0.22627737226277372	0.5031959818339603
pheno_func_expr	owl2vecstar_gda	bmm	raw	6	2032.4468892261002	0.0441233529672316	0.019726858877086494	0.04400606980273141	0.08952959028831563	0.23672230652503792	0.5387912344542369
pheno_func_expr	owl2vecstar_gda	bmm	raw	7	2217.2852713178295	0.03379513386704226	0.012403100775193798	0.03255813953488372	0.07596899224806201	0.21085271317829457	0.49679507851502547
pheno_func_expr	owl2vecstar_gda	bmm	raw	8	2030.679331306991	0.040595443389144004	0.019756838905775075	0.037993920972644375	0.08206686930091185	0.24164133738601823	0.5391789098240758
pheno_func_expr	owl2vecstar_gda	bmm	raw	9	2103.3648854961834	0.03569122825257376	0.013740458015267175	0.03816793893129771	0.07786259541984733	0.20458015267175572	0.5226717036661699
expr	owl2vecstar	bma	calibrated	mean	1454.9751678588623	0.035954027704037876	0.010363523528874208	0.033216618329946816	0.08129137691396768	0.268985535667515	0.6700553957446294
expr	owl2vecstar	bma	calibrated	sd	50.96892966779602	0.0046297206063457596	0.0036448215776717363	0.006468150122163983	0.011783042258027732	0.015622309824874364	0.011590680866456551
expr	owl2vecstar	bma	raw	mean	2447.8148181620027	0.04471462899141294	0.02144645087654807	0.04654300540743561	0.08859949430062322	0.2132911843285373	0.44436720918782646
expr	owl2vecstar	bma	raw	sd	56.26031151713846	0.0033791840600603594	0.002536387555241983	0.004939173243392693	0.01282126442407131	0.021604410227442254	0.012780718582499061
expr	owl2vecstar	bmm	calibrated	mean	1408.0000734015762	0.02484360785928356	0.006427399578368088	0.021169431736726835	0.05486872007751594	0.23377034992270745	0.6807397136350394
expr	owl2vecstar	bmm	calibrated	sd	42.01526554888524	0.003075478851448958	0.0028250877786780092	0.004092576210403645	0.009993216561680196	0.016528558919191933	0.00954796313533522
expr	owl2vecstar	bmm	raw	mean	2441.066755090821	0.03503972390301174	0.014473580173234035	0.03361490513919535	0.07575117105223282	0.21026325174544605	0.44590966712719204
expr	owl2vecstar	bmm	raw	sd	58.131844107321925	0.002891080285720648	0.002759362798765879	0.00570978865301397	0.011862157967357116	0.017405690438032678	0.013208565424833289
expr	owl2vecstar_gda	bma	calibrated	mean	1446.0349883485944	0.024150135300880726	0.0012115948816761707	0.019392684323599627	0.07104523777631797	0.2517120628447754	0.6720960148203423
expr	owl2vecstar_gda	bma	calibrated	sd	51.94597871608666	0.003874050285572574	0.002260578513424146	0.006457614620818736	0.011247656016966121	0.01764511529352426	0.011803353915477034
expr	owl2vecstar_gda	bma	raw	mean	2440.8582260101152	0.05430536129457526	0.03041574706091459	0.055834761132382414	0.10254904142672198	0.22554706282288292	0.4459517658735003
expr	owl2vecstar_gda	bma	raw	sd	55.798912798988724	0.0049974564946419255	0.0052373259193082685	0.004674017883676572	0.014787218659367196	0.021239818263954713	0.012682199427000915
expr	owl2vecstar_gda	bmm	calibrated	mean	1425.9867237317208	0.024192270131020304	0.0074553059172321355	0.021188683880627203	0.05182510272356945	0.2117778546603942	0.6766441712408773
expr	owl2vecstar_gda	bmm	calibrated	sd	45.314561396004656	0.0040742414427949215	0.004382706578772352	0.005455402067961303	0.00699130370721593	0.0157041962537999	0.01030120212622773
expr	owl2vecstar_gda	bmm	raw	mean	2447.9606752433983	0.037827547487114116	0.01706963549411158	0.037240048146765556	0.07863647095928412	0.21471250253567037	0.44433818728929353
expr	owl2vecstar_gda	bmm	raw	sd	56.61664623537925	0.004248631216275194	0.003903463367433758	0.0046385028837398114	0.009571394136145274	0.017774093878171485	0.012867467833516635
func	owl2vecstar	bma	calibrated	mean	857.6191619863937	0.07794213512964024	0.03454734897672016	0.08123681824228514	0.15895796713827295	0.4243528351057157	0.8058672293777798
func	owl2vecstar	bma	calibrated	sd	44.39164882098375	0.006218781019276055	0.006690572982069168	0.008973252954453306	0.006540297165151467	0.018152283438000193	0.010098288217036906
func	owl2vecstar	bma	raw	mean	2234.1767094325037	0.0464349346188363	0.022116150814445647	0.048973963158079316	0.09375745154367503	0.22155594305561693	0.4929406802364619
func	owl2vecstar	bma	raw	sd	62.10930193420638	0.003182360174411521	0.002997163180204137	0.004266071978571172	0.012375326249556179	0.023299686211497275	0.01411801527296068
func	owl2vecstar	bmm	calibrated	mean	842.8802144185686	0.06565390851606759	0.028390877054966995	0.06590896579451379	0.1344648860902507	0.3989137586382611	0.8092128019644054
func	owl2vecstar	bmm	calibrated	sd	47.035546520494144	0.0072608828496108745	0.006411537816562781	0.011872066753208827	0.01342473216746469	0.018804935638887993	0.010696192020397467
func	owl2vecstar	bmm	raw	mean	2177.5573846217403	0.03731223835621676	0.015385421534928955	0.03620932165491393	0.08008980239470062	0.22331221018285025	0.5058123440316964
func	owl2vecstar	bmm	raw	sd	67.29042694176026	0.00373785245336484	0.0037230806789891233	0.0049463068608884345	0.013245401606587619	0.02065777582581531	0.015295802368999417
func	owl2vecstar_gda	bma	calibrated	mean	777.9535979176273	0.06835327755717605	0.028009567995638057	0.06709540487255117	0.14454337596699796	0.42213227838286427	0.8239796260049786
func	owl2vecstar_gda	bma	calibrated	sd	44.47769013161618	0.005903797624715424	0.005900954975013371	0.00832526185384593	0.013648467966878842	0.01894149398498873	0.010125331156066366
func	owl2vecstar_gda	bma	raw	mean	2267.6445727154473	0.055794701846613545	0.03055791657314459	0.05823571127344422	0.10480203901649207	0.2361966849115263	0.48533835056881214
func	owl2vecstar_gda	bma	raw	sd	63.68489290593173	0.004948918558088873	0.005105691806369011	0.004673015028476126	0.015597777193812962	0.022900248932581312	0.014476224028661699
func	owl2vecstar_gda	bmm	calibrated	mean	814.0145563085188	0.05256535250046503	0.020197892354559658	0.051129303635815825	0.11126949654267757	0.36767666818657135	0.8157791683828762
func	owl2vecstar_gda	bmm	calibrated	sd	46.55540625670352	0.00560341630381584	0.005802748031597902	0.0065367132202198645	0.011048002079883597	0.016446678675411094	0.010594774972795129
func	owl2vecstar_gda	bmm	raw	mean	2240.6131974225164	0.03885176167595021	0.016438495539442467	0.03822014698366973	0.08208439349097091	0.22402435330942744	0.49147357354826743
func	owl2vecstar_gda	bmm	raw	sd	67.35798459643796	0.004233693867488422	0.0038065595488852156	0.0053997342169859654	0.010844683750335786	0.01825895903699801	0.015304253898166018
func_expr	owl2vecstar	bma	calibrated	mean	1059.3167921916317	0.05103263716101032	0.01857881760013364	0.04973116839315249	0.1108491793395101	0.35881206095752927	0.7600188409727943
func_expr	owl2vecstar	bma	calibrated	sd	55.357433835428694	0.004882762513214817	0.00409260350064447	0.006789703731551067	0.013101228572977708	0.016662115178162497	0.012587272007871407
func_expr	owl2vecstar	bma	raw	mean	2300.1299543777973	0.048370545350500706	0.025291830285341526	0.049695206475436585	0.09317478241421294	0.2180509422212129	0.4779458763814475
func_expr	owl2vecstar	bma	raw	sd	56.78452124908329	0.0031575261695010438	0.002735576075764262	0.004616281275309482	0.013437641668089358	0.0225576283599822	0.01290598684927311
func_expr	owl2vecstar	bmm	calibrated	mean	995.6471535731805	0.04707474558882559	0.018380300611258366	0.044515349728287856	0.09650321336307478	0.3353562235312465	0.7744889767576464
func_expr	owl2vecstar	bmm	calibrated	sd	56.72201934236453	0.00705785215706302	0.006282892125373803	0.009543120844503183	0.013648436926123894	0.016723049382432596	0.012899539767567348
func_expr	owl2vecstar	bmm	raw	mean	2270.2448882691306	0.03671584990381547	0.01586494692192926	0.03648717179842922	0.07721414815914074	0.20968917786253458	0.484740497666594
func_expr	owl2vecstar	bmm	raw	sd	62.0287041850619	0.003299682739572268	0.00324584906391651	0.0038698642654041338	0.01116260887697785	0.020589931843065755	0.014096254726085332
func_expr	owl2vecstar_gda	bma	calibrated	mean	1018.7074377035758	0.05147468036750015	0.018300933588025082	0.047915304308647926	0.11276389345905788	0.3641249082519991	0.7692471813875144
func_expr	owl2vecstar_gda	bma	calibrated	sd	54.943804046278736	0.0049339826346424835	0.00393466103296387	0.0062996322807560914	0.01483654330056986	0.020121242130176725	0.012502270089922093
func_expr	owl2vecstar_gda	bma	raw	mean	2308.9135411865245	0.05556212816390389	0.030816882016503965	0.05789786963593613	0.10341831671619964	0.23295946080585184	0.4759495689018395
func_expr	owl2vecstar_gda	bma	raw	sd	56.705779430875566	0.0053856266433618604	0.0054836377425469185	0.006056803224477278	0.015353215779616977	0.02449712495848133	0.012885401864029967
func_expr	owl2vecstar_gda	bmm	calibrated	mean	1021.448439724382	0.043099792288101665	0.01569530740060899	0.040178647277987534	0.08969016699713436	0.31530021669338604	0.7686204417043623
func_expr	owl2vecstar_gda	bmm	calibrated	sd	50.507259452603975	0.004979181797182132	0.0023873219535051784	0.007968375551545882	0.012125713345962031	0.020798712053161736	0.011492962259706552
func_expr	owl2vecstar_gda	bmm	raw	mean	2297.190495427739	0.038158079099350144	0.016555169931137655	0.037285942658741286	0.07947304656263275	0.2195961031131394	0.47861390086931027
func_expr	owl2vecstar_gda	bmm	raw	sd	60.859516374746875	0.004120548971929606	0.0032505583100696863	0.00424071963165232	0.011026019078865213	0.017548033950897407	0.013836459274635095
pheno_func_expr	owl2vecstar	bma	calibrated	mean	819.5313664730362	0.07431536216562679	0.03229450162010076	0.07266198803978	0.156305888680299	0.4527250601244681	0.8145221211251015
pheno_func_expr	owl2vecstar	bma	calibrated	sd	51.41636714148362	0.00505266369718542	0.0037096442334620004	0.008923766151225926	0.012614802631126017	0.01807634257295521	0.011688116122064615
pheno_func_expr	owl2vecstar	bma	raw	mean	2090.479798505844	0.050154047737709505	0.02726208455644912	0.05134688406986761	0.09421448841338598	0.22513533860030951	0.5255993562982822
pheno_func_expr	owl2vecstar	bma	raw	sd	78.53937178085825	0.003245554386988246	0.0031993971587928032	0.004460290239842209	0.014817321004927005	0.020944226282395045	0.01784451425779051
pheno_func_expr	owl2vecstar	bmm	calibrated	mean	816.1384781794745	0.06266203112264813	0.026408800308306668	0.060661561140446074	0.12482905460308266	0.41121215396528565	0.8152922044106818
pheno_func_expr	owl2vecstar	bmm	calibrated	sd	54.02352089416372	0.00732661014651212	0.005664904863262746	0.009076055271148813	0.017290231157758348	0.017980797426078696	0.012289906269538343
pheno_func_expr	owl2vecstar	bmm	raw	mean	2051.5214706985635	0.039204055422462504	0.01750696775012773	0.03935868424730362	0.0824737592251897	0.219014023166133	0.5344600131307623
pheno_func_expr	owl2vecstar	bmm	raw	sd	82.13648292628629	0.0030034965853200668	0.0027153036538452037	0.004546934768550886	0.0123128960451588	0.018197835897162208	0.01866478595152681
pheno_func_expr	owl2vecstar_gda	bma	calibrated	mean	782.2417503547342	0.06033548967357746	0.021349013332048205	0.05502041753612328	0.13543653442674347	0.4323394771599861	0.8230049323746998
pheno_func_expr	owl2vecstar_gda	bma	calibrated	sd	47.173944316809575	0.004578252368780755	0.004701109305304352	0.0068710079238716954	0.011955088675395381	0.016412271010533674	0.010724456214494795
pheno_func_expr	owl2vecstar_gda	bma	raw	mean	2119.2924609643187	0.05704662721401506	0.03112729804110744	0.0589648135049472	0.10710290666216013	0.24375361956582614	0.519051773350374
pheno_func_expr	owl2vecstar_gda	bma	raw	sd	78.44575539046546	0.005648799873396822	0.004887851998574334	0.006170194870428968	0.0158067539936059	0.023057004102009428	0.01783050175357558
pheno_func_expr	owl2vecstar_gda	bmm	calibrated	mean	823.1464865331858	0.046024324356544535	0.014660029901567928	0.041617366421608584	0.09999810458529877	0.3690394456046962	0.8136988150063788
pheno_func_expr	owl2vecstar_gda	bmm	calibrated	sd	48.42123208650928	0.006349988729667879	0.004856357205519961	0.008647540171742693	0.01262638601283755	0.01410196433758007	0.0110081707494795
pheno_func_expr	owl2vecstar_gda	bmm	raw	mean	2093.4219370718156	0.03918929259960507	0.016855124519607637	0.03861024841078491	0.08144559685997256	0.22845021961675602	0.5249401779600027
pheno_func_expr	owl2vecstar_gda	bmm	raw	sd	79.36198030341878	0.0040593480871691625	0.0029770362045773175	0.0038386454547081864	0.010269700377031614	0.019769005030624145	0.01803073623106844
